Name,Age,Gender,Salary,Department
Soujanya,-1.234426799696734,0,0.08481889296799709,2
Sachin,1.54303349962092,1,1.1026456085839622,1
Akash,-0.3086066999241827,1,0.4240944648399855,0
Janya,0.0,0,-1.6115589663919447,2
